{
  "Илил": 733825.0,
  "Явынел": 55114.51931559488,
  "Атажутяр": 136299.21378305042,
  "Юдэт": 546488.0,
  "Удефарэв": 332084.6977035199
}